{"cameraMode":{"drawMode":0,"name":"Shaded","section":"Shading Mode"},"sceneLighting":false,"audioPlay":false,"sceneViewState":{"m_AlwaysRefresh":false,"showFog":true,"showSkybox":false,"showFlares":true,"showImageEffects":true,"showParticleSystems":true,"showVisualEffectGraphs":true,"m_FxEnabled":true},"in2DMode":false,"pivot":{"x":10.604873657226563,"y":10.21143627166748,"z":-45.782203674316409},"rotation":{"x":-0.0017138152616098524,"y":0.9993771314620972,"z":0.029067914932966234,"w":0.038426827639341357},"size":4.865774631500244,"orthographic":false}