{"cameraMode":{"drawMode":0,"name":"Shaded","section":"Shading Mode"},"sceneLighting":false,"audioPlay":false,"sceneViewState":{"m_AlwaysRefresh":false,"showFog":true,"showSkybox":false,"showFlares":true,"showImageEffects":true,"showParticleSystems":true,"showVisualEffectGraphs":true,"m_FxEnabled":true},"in2DMode":false,"pivot":{"x":-9.175220489501954,"y":6.3381829261779789,"z":-36.462181091308597},"rotation":{"x":0.004664604086428881,"y":0.9933265447616577,"z":-0.1085912436246872,"w":0.04049801453948021},"size":4.629449844360352,"orthographic":false}