{"cameraMode":{"drawMode":0,"name":"Shaded","section":"Shading Mode"},"sceneLighting":false,"audioPlay":false,"sceneViewState":{"m_AlwaysRefresh":false,"showFog":true,"showSkybox":false,"showFlares":true,"showImageEffects":true,"showParticleSystems":true,"showVisualEffectGraphs":true,"m_FxEnabled":true},"in2DMode":false,"pivot":{"x":-0.011363523080945015,"y":0.29322704672813418,"z":-0.08033444732427597},"rotation":{"x":0.2520875632762909,"y":-0.7044669389724731,"z":0.3004174530506134,"w":0.5919162034988403},"size":0.39859944581985476,"orthographic":false}